"","diNT","Freq","Rho","Z"
"1","aa",977.027237354086,1.00633238680924,0.263968038692726
"2","ac",632.210116731517,0.987377478084709,-0.438731579776628
"3","ag",857.054474708171,1.03988483976285,1.60765910795315
"4","at",667.848249027237,0.957204652299012,-1.56489455177027
"5","ca",823.712062256809,1.28648183434306,9.92103348451616
"6","cc",520.035019455253,1.21854467347784,5.76241111002185
"7","cg",205.474708171206,0.378344915065206,-19.1839983300549
"8","ct",512.610894941634,1.1328133545194,3.63840771635204
"9","ga",947.217898832685,1.14864900426423,6.02051011564929
"10","gc",432.15953307393,0.795792232860942,-6.3021898486377
"11","gg",791.365758754864,1.13160256171499,4.7366249834187
"12","gt",489.603112840467,0.825543340280968,-5.64397398224733
"13","ta",387.346303501945,0.55096549483118,-16.1937122129318
"14","tc",477.210116731518,1.05457758186883,1.49527272862524
"15","tg",805.147859922179,1.3645555730571,11.6444066831531
"16","tt",591.556420233463,1.14463432888524,4.23460482175543
