"","diNT","Freq","Rho","Z"
"1","aa",37.7034220532319,1.23670701256494,1.67673660772115
"2","ac",41.5703422053232,0.95830326357446,-0.372762421469344
"3","ag",26.8631178707224,0.832004446551384,-1.23120089624054
"4","at",47.4714828897338,0.981666885930515,-0.177460952791767
"5","ca",57.3307984790875,1.31923765057801,2.869529938941
"6","cc",65.6045627376426,1.06534568335265,0.738923026730115
"7","cg",22.5019011406844,0.494847912373629,-4.67944681930308
"8","ct",74.0950570342205,1.0787263786696,0.963028378139549
"9","ga",28.7946768060837,0.899104777181119,-0.747424861020659
"10","gc",32.5665399239544,0.71315202128073,-2.6582857875243
"11","gg",52.2737642585551,1.54797169823751,4.16094662230101
"12","gt",49,0.963223194833403,-0.370341805786551
"13","ta",30.8098859315589,0.635880608638629,-3.53192133075883
"14","tc",79.7186311787072,1.1609721024912,1.96861133311659
"15","tg",60.4030418250951,1.18736565473564,1.87586494875848
"16","tt",74.0114068441065,0.965416091326122,-0.457612899772854
