"","diNT","Freq","Rho","Z"
"1","aa",1864.36134453782,0.947971524079623,-3.77307843717309
"2","ac",850.056022408964,0.961779755484882,-1.60287335669241
"3","ag",895.864612511671,1.07606895768567,3.0771886534149
"4","at",1499.56489262372,1.05081558887648,2.89998711335061
"5","ca",1142.16993464052,1.29225284543941,12.2538185919031
"6","cc",420.885154061625,1.05934929814744,1.43948636542894
"7","cg",86.0830999066293,0.229953829181579,-18.0081323828224
"8","ct",647.055088702147,1.00893844908383,0.294951241787708
"9","ga",825.500466853408,0.991633315308953,-0.338378430907773
"10","gc",381.535014005602,1.01980165978805,0.462708930857244
"11","gg",370.34827264239,1.05087281829134,1.14751962063311
"12","gt",586.170868347339,0.970186204084152,-0.949200831228591
"13","ta",1278.05508870215,0.895565900975987,-5.9604707374065
"14","tc",644.499533146592,1.00484293281386,0.159788489675511
"15","tg",810.760971055089,1.34214003040524,10.8910894336698
"16","tt",975.176470588235,0.941703867305641,-2.61811496695497
