"","diNT","Freq","Rho","Z"
"1","aa",161.588025659302,0.89022362620567,-2.61976535023478
"2","ac",92.3513898788311,0.99520074921388,-0.0761939035279516
"3","ag",84.1717747683535,0.918643396759378,-1.22037143707246
"4","at",157.589451176051,1.21063827132529,3.9900169553576
"5","ca",126.540270848182,1.36938729938232,5.53907929269758
"6","cc",42.4326443335709,0.888247184618503,-1.03906166125981
"7","cg",16.0049893086244,0.330280978589078,-6.29970370215332
"8","ct",68.0363506771205,1.03253527988712,0.389427824841518
"9","ga",93.248039914469,1.02353405226446,0.344228893913526
"10","gc",35.543834640057,0.754287388823755,-2.312120005777
"11","gg",65.2979330007128,1.39951616832585,3.76459875796752
"12","gt",57.151817533856,0.860779090633546,-1.65457303208734
"13","ta",114.31646471846,0.876399992565066,-2.33672857562759
"14","tc",82.6764076977905,1.25570881378855,3.04374411086083
"15","tg",85.8617248752673,1.30190655621301,3.58000466253669
"16","tt",74.272273699216,0.784335592371943,-3.24603861772587
