"","diNT","Freq","Rho","Z"
"1","aa",154.181900452489,0.991995065836774,-0.147189971753426
"2","ac",113.281447963801,1.22038881070028,2.87542167662319
"3","ag",81.4144796380091,0.894702786773238,-1.35756133959681
"4","at",134.483257918552,0.92912787948821,-1.24032978666954
"5","ca",119.628959276018,1.28891945949516,3.76932711591657
"6","cc",70.4678733031674,1.27039379373379,2.49862753693601
"7","cg",15.2923076923077,0.281085953338115,-6.56547913421326
"8","ct",83.9963800904977,0.970515615446679,-0.365048689725953
"9","ga",66.3809954751131,0.729665566762338,-3.48481331606942
"10","gc",54.406334841629,1.00025562407316,0.00263570971463858
"11","gg",82.1556561085973,1.54217103164403,4.8913468839216
"12","gt",80.6398190045249,0.951177253829321,-0.598201500996737
"13","ta",143.130316742081,0.988613545059298,-0.19915444131254
"14","tc",51.2488687782805,0.592322985107467,-5.05506098879107
"15","tg",104.732126696833,1.23535042402237,2.88258178879443
"16","tt",152.135746606335,1.12780636515243,2.12591870304804
