"","diNT","Freq","Rho","Z"
"1","aa",82.12,1.3274814668821,3.25378945766917
"2","ac",99.306,1.09479050387264,1.21141929267938
"3","ag",50.98,0.737442846406662,-2.79570405600714
"4","at",81.032,0.881047972669266,-1.53549827726966
"5","ca",102.814,1.13274424657368,1.69764147209041
"6","cc",136.856,1.02787306535653,0.458522690193444
"7","cg",67.206,0.66415690041655,-4.60355260722711
"8","ct",153.766,1.13977384919051,2.32256251667282
"9","ga",60.832,0.880609240906437,-1.27155701901265
"10","gc",90.432,0.893354274492385,-1.4623327616383
"11","gg",106.786,1.3861243907745,4.40652059909942
"12","gt",92.366,0.900125934855589,-1.38201714463944
"13","ta",68.082,0.740294905610644,-3.35321384396104
"14","tc",132.322,0.980598534652045,-0.322303668596317
"15","tg",125.448,1.22250191332464,3.07911439468688
"16","tt",139.534,1.02065367219585,0.347381662923816
