"","diNT","Freq","Rho","Z"
"1","aa",135.148648648649,1.13102503944115,2.14738800746511
"2","ac",61.463963963964,0.866408243851215,-1.54313543869165
"3","ag",95.7927927927928,1.1204828749337,1.56117428212786
"4","at",67.2657657657658,0.797070619475652,-2.60807536863365
"5","ca",74.5810810810811,1.05063764521059,0.581622515495017
"6","cc",73.4369369369369,1.73918755986452,5.990786758374
"7","cg",2.02702702702703,0.0398900960460065,-8.75331207906894
"8","ct",64.3063063063063,1.28216299609644,2.54993890806041
"9","ga",78.9594594594595,0.923497544850477,-0.991216194389743
"10","gc",47.4144144144144,0.933305748979172,-0.609424375133314
"11","gg",75.3738738738739,1.23110095944198,2.37477425374295
"12","gt",56.4684684684685,0.934736128240118,-0.664566433053376
"13","ta",70.9504504504504,0.84072113512912,-2.04730840443719
"14","tc",32.0495495495495,0.638958245071808,-3.2640009137038
"15","tg",84.9864864864865,1.406780174039,4.14058872642988
"16","tt",66.8333333333333,1.12120380010366,1.2204383547879
