"","diNT","Freq","Rho","Z"
"1","aa",243.25,1.01395765323763,0.320033239363312
"2","ac",145.585820895522,0.93461453993333,-1.11544033693521
"3","ag",188.470149253731,1.20400092088877,3.49767499848924
"4","at",169.794776119403,0.872241235742049,-2.52517444711191
"5","ca",195.175373134328,1.25331582024482,4.32923620453059
"6","cc",140.55223880597,1.39049429374493,4.97660264748188
"7","cg",21.5223880597015,0.211576479184249,-10.0875090511569
"8","ct",127.761194029851,1.01123536071785,0.166106153835066
"9","ga",128.720149253731,0.822212168397562,-3.04895975483077
"10","gc",110.39552238806,1.08632936989716,1.10370375570561
"11","gg",132.488805970149,1.29658594570785,3.80771505814231
"12","gt",115.108208955224,0.906116672466659,-1.39020130137128
"13","ta",179.011194029851,0.919694166397541,-1.58782580445394
"14","tc",88.4888059701493,0.700422018963281,-4.41872044938922
"15","tg",145.152985074627,1.14262099406929,2.10972914370746
"16","tt",193.567164179104,1.22546094627751,3.84829581640688
