"","diNT","Freq","Rho","Z"
"1","aa",219.782732447818,1.12070489602823,2.54571826017171
"2","ac",132.058823529412,1.07264236391296,1.11363839297557
"3","ag",111.757115749526,0.879747022002909,-1.88088602161576
"4","at",121.767552182163,0.873371085948022,-2.10442581997111
"5","ca",149.439278937381,1.21382070311521,3.27939353217569
"6","cc",73.7666034155598,0.95442608092019,-0.508428997768695
"7","cg",25.0445920303605,0.314024248860342,-7.80327812957434
"8","ct",119.814041745731,1.36888913241058,4.45777595305324
"9","ga",126.283681214421,0.994102658519737,-0.09223551816011
"10","gc",79.0768500948767,0.991587031613376,-0.0955655267228057
"11","gg",107.527514231499,1.30669847376073,3.55875660077389
"12","gt",65.9554079696395,0.730295014589702,-3.32488905567841
"13","ta",89.8937381404175,0.644748756654345,-5.90375847007177
"14","tc",83.1925996204934,0.950489420551206,-0.598343555137428
"15","tg",134.449715370019,1.48870140246852,6.02438824770597
"16","tt",109.417457305503,1.10280337134646,1.34678708108762
