"","diNT","Freq","Rho","Z"
"1","aa",43.1439393939394,1.29803706118165,2.22946690248254
"2","ac",43.780303030303,0.954889004412011,-0.415573893501371
"3","ag",26.9090909090909,0.80483063028762,-1.46079441121273
"4","at",48.0378787878788,0.95575230482133,-0.437729369288639
"5","ca",59.6969696969697,1.30107964655244,2.79354959082254
"6","cc",67.3825757575758,1.06873887705048,0.78795672968796
"7","cg",22.5227272727273,0.49353626266313,-4.6927984852382
"8","ct",74.4962121212121,1.07686068072483,0.940339631589692
"9","ga",28.8143939393939,0.868075108617943,-0.993850484682949
"10","gc",32.6325757575758,0.712058949557176,-2.66823334636353
"11","gg",52.2878787878788,1.57399579241063,4.30388529989273
"12","gt",49.0227272727273,0.976181274339609,-0.237718312452266
"13","ta",31.2348484848485,0.619990897525532,-3.76373665274736
"14","tc",80.1969696969697,1.15982164204895,1.95645023480251
"15","tg",60.4469696969697,1.20366900421102,2.01547856407861
"16","tt",74.0606060606061,0.97519270744885,-0.324133348421378
