"","diNT","Freq","Rho","Z"
"1","aa",39.1942028985507,1.14620199464356,1.11336535106594
"2","ac",31.7942028985507,0.880091747951177,-0.946730239834397
"3","ag",36.4869565217391,1.1189351863878,0.880638887236805
"4","at",40.2492753623188,0.90287053647992,-0.887630428536139
"5","ca",38.9855072463768,1.07963557037537,0.629349623984275
"6","cc",37.5420289855072,0.98424469061607,-0.129699060633718
"7","cg",19.2347826086957,0.558674571032211,-3.38379052424816
"8","ct",60.2231884057971,1.27956060663166,2.64864326177613
"9","ga",38.8666666666667,1.19218353024358,1.42080333191224
"10","gc",28.1507246376812,0.817774652539598,-1.39754811377377
"11","gg",38.6260869565217,1.24198628922694,1.73620943464515
"12","gt",34.5594202898551,0.812835303340153,-1.65790688122119
"13","ta",29.6811594202899,0.665702434842428,-3.05486391279551
"14","tc",58.5072463768116,1.24333119054217,2.30436162694298
"15","tg",46.5246376811594,1.09456350542639,0.837404427002891
"16","tt",57.5333333333333,0.989905398529714,-0.109880287169162
